Date,Open Price,High Price,Low Price,Close Price,WAP,No.of Shares,No. of Trades,Total Turnover (Rs.),Deliverable Quantity,% Deli. Qty to Traded Qty,Spread High-Low,Spread Close-Open
18-09-2023,2442,2451.55,2432.6,2436,2442.264442,139331,13491,340283147,75066,53.88,18.95,-6
15-09-2023,2466.05,2467.1,2449.6,2460.05,2459.253781,126487,8361,311063633,48361,38.23,17.5,-6
14-09-2023,2456.35,2465,2445,2451.1,2453.368899,231443,12502,567815058,140502,60.71,20,-5.25
13-09-2023,2443.55,2462.5,2415.6,2452.75,2452.579694,142946,8009,350586457,80688,56.45,46.9,9.2
12-09-2023,2489.7,2489.7,2435.2,2437.95,2454.894408,157057,10026,385558351,85733,54.59,54.5,-51.75
11-09-2023,2455.95,2476,2452.05,2474.4,2467.971625,366596,19642,904748526,213499,58.24,23.95,18.45
08-09-2023,2436.4,2455.65,2423.4,2449.05,2440.494049,445328,20022,1086820334,177894,39.95,32.25,12.65
07-09-2023,2425.85,2438,2411.4,2431.5,2424.164804,101108,8440,245102455,37824,37.41,26.6,5.65
06-09-2023,2422.95,2436,2418,2428.1,2426.851116,175250,14201,425305658,90823,51.82,18,5.15
05-09-2023,2418.25,2433.95,2411,2423.95,2423.075873,201719,9661,488780442,138447,68.63,22.95,5.7
04-09-2023,2410.05,2423,2406,2410.15,2413.598545,243913,20307,588708062,123464,50.62,17,0.1
01-09-2023,2408,2425.7,2401.3,2413.05,2413.589718,723207,28637,1745524979,79267,10.96,24.4,5.05
31-08-2023,2420.05,2425.9,2400,2406.9,2412.472067,241991,24786,583796528,130608,53.97,25.9,-13.15
30-08-2023,2430.3,2443.25,2415.05,2418.3,2425.360523,923878,11469,2240737229,817760,88.51,28.2,-12
29-08-2023,2447,2452.15,2408.45,2420.25,2424.882728,220154,15626,533847632,98555,44.77,43.7,-26.75
28-08-2023,2474,2483.5,2432,2442.55,2464.457818,349403,27389,861088955,135197,38.69,51.5,-31.45
25-08-2023,2454,2505,2443.95,2469.95,2473.665625,1212903,43650,3000316457,242270,19.97,61.05,15.95
24-08-2023,2542,2542,2471.6,2478.65,2505.276939,302604,27085,758106823,146573,48.44,70.4,-63.35
23-08-2023,2527.95,2542.4,2518.05,2523.15,2528.678,157329,9054,397834381,33454,21.26,24.35,-4.8
22-08-2023,2518.25,2537.45,2498.55,2519,2518.056013,115990,11005,292069317,57538,49.61,38.9,0.75
21-08-2023,2531,2554.9,2513.55,2518.25,2529.417104,156076,10454,394781304,53633,34.36,41.35,-12.75
18-08-2023,2532,2577,2508.5,2556.7,2549.744478,1144311,40407,2917700653,162964,14.24,68.5,24.7
17-08-2023,2568,2577.95,2532.2,2537.75,2554.204664,139614,10379,356602730,63474,45.46,45.75,-30.25
16-08-2023,2556.65,2582.15,2550.65,2574.9,2570.091748,87871,6679,225836532,36048,41.02,31.5,18.25
14-08-2023,2533.05,2582,2524.2,2576.75,2560.186455,407900,30640,1044300055,229691,56.31,57.8,43.7
11-08-2023,2535.45,2558.3,2512.1,2548,2535.271641,297470,14039,754167255,191875,64.5,46.2,12.55
10-08-2023,2527,2550,2508.8,2535.65,2529.852341,200827,9920,508062656,130994,65.23,41.2,8.65
09-08-2023,2507,2529.4,2481,2523.55,2490.262587,212798,13332,529922898,160005,75.19,48.4,16.55
08-08-2023,2525.3,2534.6,2499.45,2505.65,2513.187117,151755,10346,381388711,113420,74.74,35.15,-19.65
07-08-2023,2515,2528.35,2505.05,2523.45,2518.678487,293130,16805,738300225,203159,69.31,23.3,8.45
04-08-2023,2485,2517.2,2472,2510.15,2504.988822,709795,28046,1778028541,171724,24.19,45.2,25.15
03-08-2023,2471.45,2499.9,2458,2474.95,2472.542454,210947,21250,521575413,84371,40,41.9,3.5
02-08-2023,2500,2511.8,2463.2,2486.35,2484.221026,184490,13167,458313937,113655,61.6,48.6,-13.65
01-08-2023,2547.85,2559,2505.9,2512.65,2525.044327,170213,13065,429795370,109731,64.47,53.1,-35.2
31-07-2023,2527.9,2553.65,2518.75,2547.85,2536.486486,85020,8241,215652081,43609,51.29,34.9,19.95
28-07-2023,2509.05,2541.9,2501,2527.6,2523.001205,644967,34907,1627252518,92006,14.27,40.9,18.55
27-07-2023,2529,2538,2491.45,2506.3,2513.374722,101139,9612,254200206,38886,38.45,46.55,-22.7
26-07-2023,2480.1,2547.25,2480.1,2525.7,2523.217255,132959,11970,335484443,36554,27.49,67.15,45.6
25-07-2023,2491.5,2505,2480.05,2484.7,2492.556074,199238,19241,496611887,85886,43.11,24.95,-6.8
24-07-2023,2484,2514.8,2469.55,2487.55,2491.208659,228305,18133,568755393,86524,37.9,45.25,3.55
21-07-2023,2603,2613.8,2523.35,2536.2,2544.593695,896988,43072,2282470009,154263,17.2,90.45,-66.8
20-07-2023,2589,2632,2582,2619.8,2614.322367,400680,17951,1047506686,177445,44.29,50,30.8
19-07-2023,2832,2855,2796.45,2840,2825.836221,782335,43098,2210750580,417880,53.41,58.55,8
18-07-2023,2812.05,2838,2794,2822.4,2813.552398,364444,19866,1025382290,200000,54.88,44,10.35
17-07-2023,2746.7,2816,2728.55,2796.4,2780.31217,453640,21402,1261260813,256190,56.47,87.45,49.7
14-07-2023,2751.05,2760.8,2723.75,2738.9,2738.693265,499323,26100,1367492537,170719,34.19,37.05,-12.15
13-07-2023,2780.9,2799.95,2737.75,2743.15,2780.672589,261573,16173,727348871,146996,56.2,62.2,-37.75
12-07-2023,2769.85,2802.2,2762,2766.2,2780.86468,325221,21261,904395592,159848,49.15,40.2,-3.65
11-07-2023,2750.2,2769.85,2738.5,2764.3,2753.4658,527404,28533,1452188877,310076,58.79,31.35,14.1
10-07-2023,2686,2755,2672.75,2735.15,2730.82855,1110570,69522,3032776263,712657,64.17,82.25,49.15
07-07-2023,2632.8,2665,2627.4,2635.45,2642.863002,576768,31686,1524318808,137881,23.91,37.6,2.65
06-07-2023,2576,2644.3,2576,2638.35,2627.340479,619409,34420,1627398339,375475,60.62,68.3,62.35
05-07-2023,2600.55,2604,2575.7,2584.8,2587.612696,61768,6072,159831661,25342,41.03,28.3,-15.75
04-07-2023,2621,2626.5,2573.25,2588.25,2595.597973,189823,9444,492704194,124699,65.69,53.25,-32.75
03-07-2023,2553.2,2622,2553.2,2615.2,2594.171088,517214,35468,1341741605,350871,67.84,68.8,62
30-06-2023,2540.05,2556.7,2533,2550.7,2542.410839,289824,19687,736851679,176556,60.92,23.7,10.65
28-06-2023,2516,2537.25,2497.7,2529.35,2525.107662,171621,13923,433361502,116954,68.15,39.55,13.35
27-06-2023,2501,2510,2486.4,2495.8,2495.111112,148922,11504,371576937,116873,78.48,23.6,-5.2
26-06-2023,2504,2515.9,2489.25,2494.2,2499.732812,197782,16762,494402155,133526,67.51,26.65,-9.8
23-06-2023,2530,2532.8,2511.1,2515.25,2521.0284,289996,22793,731088152,145374,50.13,21.7,-14.75
22-06-2023,2561.7,2572.9,2532.25,2535.6,2552.037861,61620,10185,157256573,21315,34.59,40.65,-26.1
21-06-2023,2556.35,2569.1,2547.95,2563.6,2560.359581,144710,9931,370509635,116185,80.29,21.15,7.25
20-06-2023,2550.5,2564,2535,2546.75,2545.358236,171359,10217,436170042,142715,83.28,29,-3.75
19-06-2023,2582.2,2584,2543.4,2551.5,2552.289896,165566,10930,422572429,115804,69.94,40.6,-30.7
16-06-2023,2555.6,2581,2555.6,2575.4,2572.215595,150565,15481,387285641,86924,57.73,25.4,19.8
15-06-2023,2547.05,2561.9,2535.2,2551.55,2549.880231,284440,23638,725287933,203451,71.53,26.7,4.5
14-06-2023,2518.05,2555,2516.6,2552.6,2542.876454,196737,18495,500277885,136961,69.62,38.4,34.55
13-06-2023,2490.75,2523.3,2486.25,2520.4,2510.701755,205509,14771,515971807,151807,73.87,37.05,29.65
12-06-2023,2478,2489,2465.1,2483.1,2479.281089,75549,9576,187307207,36613,48.46,23.9,5.1
09-06-2023,2495.05,2508.1,2478.05,2481.9,2493.255577,169640,16518,422955876,82894,48.86,30.05,-13.15
08-06-2023,2502.4,2516,2491,2499.8,2503.360953,136486,11246,341673723,59283,43.44,25,-2.6
07-06-2023,2486.1,2499.55,2472.35,2497.55,2484.453338,211341,21369,525066853,158423,74.96,27.2,11.45
06-06-2023,2481.3,2490.1,2462.55,2480.25,2471.819147,115547,9365,285611287,78416,67.86,27.55,-1.05
05-06-2023,2465.1,2483.7,2458.1,2476.8,2467.927866,119029,10689,293754986,77617,65.21,25.6,11.7
02-06-2023,2475,2482.8,2451.05,2454.95,2460.344276,101224,10332,249045889,48389,47.8,31.75,-20.05
01-06-2023,2478,2484.45,2457.95,2462.05,2470.213714,240274,19120,593528130,172926,71.97,26.5,-15.95
31-05-2023,2506.95,2508.95,2461.7,2474.7,2482.621696,205076,13789,509126127,135044,65.85,47.25,-32.25
30-05-2023,2520,2537.45,2513.9,2519.4,2525.411341,146443,13232,369828813,95343,65.11,23.55,-0.6
29-05-2023,2519,2530,2506.95,2519.8,2518.960643,416211,26445,1048419128,328603,78.95,23.05,0.8
26-05-2023,2453.6,2510,2449.15,2506.55,2489.453656,261121,18211,650048628,181784,69.62,60.85,52.95
25-05-2023,2433.5,2448.45,2415.7,2438.55,2423.733224,186194,9965,451284584,124844,67.05,32.75,5.05
24-05-2023,2446.6,2463,2433.3,2437.05,2445.782269,154319,8827,377430674,127187,82.42,29.7,-9.55
23-05-2023,2465,2468.25,2451.85,2454.1,2458.972273,87497,8510,215152697,54480,62.26,16.4,-10.9
22-05-2023,2430,2465,2430,2454.5,2455.294666,144136,15497,353896352,79660,55.27,35,24.5
19-05-2023,2432.7,2445.75,2419.55,2442.8,2432.56711,54880,7760,133499283,22173,40.4,26.2,10.1
18-05-2023,2454.8,2456.1,2428,2433.85,2444.231227,56823,7246,138888551,17562,30.91,28.1,-20.95
17-05-2023,2460.35,2463.7,2429.2,2438.8,2444.605074,158298,17831,386976094,87326,55.17,34.5,-21.55
16-05-2023,2496,2498,2451,2453.85,2473.509256,83298,9390,206038374,30828,37.01,47,-42.15
15-05-2023,2486,2503.75,2472.6,2488.15,2489.93516,67628,8929,168389335,33258,49.18,31.15,2.15
12-05-2023,2477,2488,2456.55,2484.1,2471.7393,61427,7470,151831530,22702,36.96,31.45,7.1
11-05-2023,2499.5,2509,2473.8,2478.3,2493.187587,98850,8888,246451593,46792,47.34,35.2,-21.2
10-05-2023,2485.6,2499.9,2481.5,2496.3,2492.63577,99083,8503,246977830,46624,47.06,18.4,10.7
09-05-2023,2475,2486.95,2463.5,2479.15,2476.130052,65220,8186,161493202,29809,45.71,23.45,4.15
08-05-2023,2450.95,2483.5,2444.85,2471.35,2467.486986,92596,9968,228479425,48748,52.65,38.65,20.4
05-05-2023,2444,2461.7,2435.75,2441.3,2447.39704,81483,8040,199421253,31315,38.43,25.95,-2.7
04-05-2023,2423.4,2452.25,2414.25,2447.8,2435.682663,88436,8704,215402032,36028,40.74,38,24.4
03-05-2023,2447,2447,2413.35,2419.8,2422.407086,89389,8062,216536547,38863,43.48,33.65,-27.2
02-05-2023,2440,2446,2428.75,2441.05,2438.3697,145848,10183,355631344,91666,62.85,17.25,1.05
28-04-2023,2379.85,2424,2379.8,2420.2,2406.588156,394972,29566,950534937,255989,64.81,44.2,40.35
27-04-2023,2365,2383,2364,2377.5,2372.367264,85772,8971,203482685,36476,42.53,19,12.5
26-04-2023,2379.8,2381.5,2353.85,2362.05,2363.395742,145620,14327,344157688,97785,67.15,27.65,-17.75
25-04-2023,2368.8,2381,2350.35,2375.1,2364.5743,92349,9498,218366072,44437,48.12,30.65,6.3
24-04-2023,2365,2382.9,2348.7,2357.15,2360.294679,253679,16359,598757194,143050,56.39,34.2,-7.85
21-04-2023,2348.05,2360.85,2338,2348.9,2348.413588,99384,10350,233394736,48300,48.6,22.85,0.85
20-04-2023,2350.2,2359,2333,2345.7,2343.265954,140197,11701,328518857,94883,67.68,26,-4.5
19-04-2023,2337,2358,2332.25,2351.65,2349.301695,96087,10274,225737352,46534,48.43,25.75,14.65
18-04-2023,2370.7,2376.1,2326,2340.05,2340.029986,151805,12554,355228252,91577,60.33,50.1,-30.65
17-04-2023,2415,2415,2349.2,2366.8,2368.770653,294432,21456,697441881,140067,47.57,65.8,-48.2
13-04-2023,2350,2365.9,2342.15,2355.65,2355.806788,212068,11164,499591234,152797,72.05,23.75,5.65
12-04-2023,2336.3,2368.25,2330.05,2346.4,2349.133188,198164,14576,465513629,137745,69.51,38.2,10.1
11-04-2023,2330,2341,2324,2336.3,2332.925855,105010,10121,244980544,29701,28.28,17,6.3
10-04-2023,2346,2350.4,2321.9,2324.6,2336.128062,93595,10420,218649906,36654,39.16,28.5,-21.4
06-04-2023,2320,2354.5,2318.05,2341,2341.740504,144642,12516,338714030,47193,32.63,36.45,21
05-04-2023,2341.75,2346.6,2308.5,2325.5,2325.523457,258000,24490,599985052,96146,37.27,38.1,-16.25
03-04-2023,2345.1,2349.15,2315,2331.75,2327.958896,214215,23175,498683715,96408,45.01,34.15,-13.35
31-03-2023,2256,2343,2254.55,2331.05,2313.095761,617169,47619,1427570998,382992,62.06,88.45,75.05
29-03-2023,2241.9,2245,2211.25,2235.25,2226.946721,159031,18790,354153564,65014,40.88,33.75,-6.65
28-03-2023,2241.25,2256,2237.5,2247.95,2247.290772,113718,12073,255557412,50126,44.08,18.5,6.7
27-03-2023,2215.5,2254,2200.5,2237.5,2236.780432,315446,27743,705583440,148838,47.18,53.5,22
24-03-2023,2247.6,2250,2198,2203.5,2223.041685,178216,19626,396181597,116177,65.19,52,-44.1
23-03-2023,2270,2270,2243.75,2247.55,2253.842017,208447,23804,469806607,93864,45.03,26.25,-22.45
22-03-2023,2280.1,2291.3,2270,2276.65,2281.065366,230717,21747,526280558,85350,36.99,21.3,-3.45
21-03-2023,2222,2273.85,2218,2270.05,2255.21861,441746,34843,996233800,215211,48.72,55.85,48.05
20-03-2023,2223,2223,2180,2201.6,2194.974445,225747,23058,495508896,113544,50.3,43,-21.4
17-03-2023,2249,2251.55,2212.9,2223.05,2227.243095,366281,39612,815796828,223404,60.99,38.65,-25.95
16-03-2023,2237.05,2254.95,2202.3,2226.05,2232.29545,253732,25079,566404789,141202,55.65,52.65,-11
15-03-2023,2284.9,2299,2228,2236.85,2260.850027,422737,54739,955744958,256551,60.69,71,-48.05
14-03-2023,2281.15,2305,2269.65,2276.5,2285.287867,329326,34355,752604712,167076,50.73,35.35,-4.65
13-03-2023,2328,2344,2275,2284.9,2308.909565,330968,41618,764175181,167655,50.66,69,-43.1
10-03-2023,2343.3,2343.3,2315.2,2323.15,2323.87932,337306,40621,783858438,176502,52.33,28.1,-20.15
09-03-2023,2419.9,2419.9,2356.15,2360.15,2375.798507,299619,32243,711834373,190003,63.41,63.75,-59.75
08-03-2023,2401.2,2420,2386.45,2417.55,2405.210739,99782,10958,239996738,34437,34.51,33.55,16.35
06-03-2023,2395,2424.5,2395,2407.8,2415.324643,168847,12288,407820320,105483,62.47,29.5,12.8
03-03-2023,2344,2393,2340.9,2385.05,2369.159341,266949,24156,632444717,147277,55.17,52.1,41.05
02-03-2023,2331,2350.8,2321.7,2327.85,2334.625639,89972,11652,210050938,53628,59.61,29.1,-3.15
01-03-2023,2342.2,2345.5,2323.55,2343.25,2336.848207,183724,20479,429335100,117417,63.91,21.95,1.05
28-02-2023,2375,2375,2314.75,2321.95,2337.221583,300235,33265,701715722,165915,55.26,60.25,-53.05
27-02-2023,2378.6,2389,2352.45,2369.1,2366.731615,247454,25999,585657205,132631,53.6,36.55,-9.5
24-02-2023,2375,2395.6,2368.65,2385.8,2380.962135,249650,21011,594407197,163033,65.3,26.95,10.8
23-02-2023,2376,2394.95,2361.5,2367.55,2381.336412,265844,21661,633063997,152291,57.29,33.45,-8.45
22-02-2023,2428,2430,2376.05,2379,2395.324044,288637,27831,691379146,168373,58.33,53.95,-49
21-02-2023,2421,2446,2412.45,2434.5,2428.71523,167774,17513,407475269,72052,42.95,33.55,13.5
20-02-2023,2440.4,2449.45,2410.35,2415.3,2429.073843,221415,18929,537833385,171934,77.65,39.1,-25.1
17-02-2023,2424.95,2446.9,2410.6,2439.85,2432.860189,105936,12547,257727477,46591,43.98,36.3,14.9
16-02-2023,2450,2463,2425,2429.65,2439.741077,277368,17228,676706103,169611,61.15,38,-20.35
15-02-2023,2387.8,2437,2375,2430.1,2417.96477,367072,18591,887567164,252104,68.68,62,42.3
14-02-2023,2325.2,2381,2324,2377.4,2361.605394,124813,13863,294759054,45552,36.5,57,52.2
13-02-2023,2337.6,2350,2314.05,2322.75,2325.627223,79836,10263,185668775,32766,41.04,35.95,-14.85
10-02-2023,2357,2357,2321.6,2336.35,2332.695785,127318,13086,296994162,59480,46.72,35.4,-20.65
09-02-2023,2357.35,2370.8,2334.05,2355.4,2353.929895,88852,11108,209151379,30586,34.42,36.75,-1.95
08-02-2023,2311.3,2359.6,2307.15,2351.8,2343.289332,268850,25015,629993337,130486,48.53,52.45,40.5
07-02-2023,2312,2327,2293.1,2305.9,2311.782922,225094,29368,520368465,99276,44.1,33.9,-6.1
06-02-2023,2325,2325,2306.75,2311.5,2312.474637,206263,30862,476977956,133307,64.63,18.25,-13.5
03-02-2023,2345,2347.9,2293.2,2329.05,2317.10749,148804,14978,344794863,60962,40.97,54.7,-15.95
02-02-2023,2325,2347.7,2311.35,2326.8,2324.535568,104181,12844,242172440,44697,42.9,36.35,1.8
01-02-2023,2380,2380.9,2305,2338.05,2352.603545,573669,34753,1349615723,377526,65.81,75.9,-41.95
31-01-2023,2385,2386.1,2341.7,2353.9,2355.05062,100296,10412,236202157,46238,46.1,44.4,-31.1
30-01-2023,2337.75,2369.4,2301.15,2351.3,2348.831485,1392194,29192,3270029101,1219020,87.56,68.25,13.55
27-01-2023,2381.95,2388.05,2312.1,2337.75,2334.590938,452582,59632,1056593836,246365,54.44,75.95,-44.2
25-01-2023,2410,2414.8,2381,2382.95,2393.973382,103914,14987,248767350,58915,56.7,33.8,-27.05
24-01-2023,2432.5,2443.9,2388.65,2415.15,2417.967222,349349,15122,844714431,250814,71.79,55.25,-17.35
23-01-2023,2450,2466,2426,2429.6,2441.525381,213860,19969,522144618,70364,32.9,40,-20.4
20-01-2023,2481.7,2481.7,2438.1,2442.7,2454.859676,174012,11317,427175042,109256,62.79,43.6,-39
19-01-2023,2474.2,2480.95,2457.5,2471.1,2474.386663,201558,11803,498732427,142838,70.87,23.45,-3.1
18-01-2023,2479,2491.5,2460.45,2474.6,2479.727199,126814,7526,314464125,77842,61.38,31.05,-4.4
17-01-2023,2453.15,2483.5,2452,2478.55,2466.1152,186970,13442,461089559,78640,42.06,31.5,25.4
16-01-2023,2474.9,2479.75,2436.05,2444.7,2454.488808,140006,10360,343643160,91129,65.09,43.7,-30.2
13-01-2023,2468.6,2473.2,2434.8,2467.35,2453.151561,248982,25804,610790582,120974,48.59,38.4,-1.25
12-01-2023,2525,2531.9,2465.65,2472.1,2486.411885,185343,16171,460839038,115683,62.42,66.25,-52.9
11-01-2023,2555.2,2558.2,2522,2525.5,2534.780641,127795,11916,323932292,85024,66.53,36.2,-29.7
10-01-2023,2604.05,2605,2546.05,2557.95,2571.373593,152642,12735,392499608,93407,61.19,58.95,-46.1
09-01-2023,2543.7,2601.8,2539.1,2596.55,2582.897136,298492,22874,770974132,190749,63.9,62.7,52.85
06-01-2023,2529,2547.5,2518.65,2537.25,2535.070145,113594,11000,287968758,57740,50.83,28.85,8.25
05-01-2023,2525,2536,2504.25,2513.5,2515.544678,143907,9677,362004488,85740,59.58,31.75,-11.5
04-01-2023,2559,2559.6,2514.85,2518.15,2530.522576,172926,12141,437593147,128295,74.19,44.75,-40.85
03-01-2023,2567.7,2573,2548.05,2557,2558.559681,136124,13214,348281378,87348,64.17,24.95,-10.7
02-01-2023,2556.9,2580,2548.2,2575.15,2565.037495,174612,14042,447886327,98899,56.64,31.8,18.25
30-12-2022,2547,2576.9,2542.55,2548.2,2560.573073,77470,7964,198367596,18712,24.15,34.35,1.2
29-12-2022,2532.05,2549,2526.5,2542.55,2536.476649,157229,13560,398807687,103570,65.87,22.5,10.5
28-12-2022,2535.9,2549.9,2521.25,2544.45,2537.520509,168925,13441,428650652,105693,62.57,28.65,8.55
27-12-2022,2529,2548.8,2514.35,2545.05,2534.556939,184837,18372,468479901,91598,49.56,34.45,16.05
26-12-2022,2513.7,2542.05,2493.95,2524.5,2522.321151,95382,7874,240584036,28581,29.96,48.1,10.8
23-12-2022,2564,2589.75,2493,2501.55,2541.28754,307147,38425,780548844,157324,51.22,96.75,-62.45
22-12-2022,2595.2,2606.65,2565.9,2577.9,2583.664125,93106,9175,240554632,32813,35.24,40.75,-17.3
21-12-2022,2622,2633.6,2576.35,2584.4,2602.003754,77509,8722,201678709,27381,35.33,57.25,-37.6
20-12-2022,2593.95,2626,2566.6,2621.15,2592.252181,129098,12996,334654572,47647,36.91,59.4,27.2
19-12-2022,2583.95,2603.25,2567.7,2600,2583.293001,67621,6588,174684856,19050,28.17,35.55,16.05
16-12-2022,2570,2619,2558.1,2565.1,2591.142753,169510,18159,439224608,51096,30.14,60.9,-4.9
15-12-2022,2609.5,2614.9,2571,2578.75,2586.912955,95215,7713,246312917,51216,53.79,43.9,-30.75
14-12-2022,2631.2,2639.5,2611,2614.9,2621.790092,42452,5302,111300233,15669,36.91,28.5,-16.3
13-12-2022,2617,2633.2,2606.75,2624.2,2620.798164,65370,9896,171321576,26008,39.79,26.45,7.2
12-12-2022,2590,2623,2585,2612.25,2607.771418,117691,12262,306911226,47056,39.98,38,22.25
09-12-2022,2648.9,2660.6,2602.15,2609.1,2628.873823,155892,15996,409820398,81206,52.09,58.45,-39.8
08-12-2022,2665.5,2665.5,2640.05,2649.5,2651.144898,93535,7925,247974838,51778,55.36,25.45,-16
07-12-2022,2686.8,2694.35,2643,2649.9,2668.939274,116129,11141,309941249,54491,46.92,51.35,-36.9
06-12-2022,2660,2697,2660,2688.25,2684.595153,197739,14549,530849161,95692,48.39,37,28.25
05-12-2022,2719.95,2719.95,2678.35,2682.85,2694.095022,208698,20747,562252243,107755,51.63,41.6,-37.1
02-12-2022,2726.25,2747.65,2701,2722.65,2724.29339,114503,9191,311939766,33680,29.41,46.65,-3.6
01-12-2022,2736,2754.7,2716,2722.95,2740.119534,245387,20390,672389712,131369,53.54,38.7,-13.05
30-11-2022,2715,2743.6,2699.1,2732.4,2724.009827,116521,9761,317404349,43532,37.36,44.5,17.4
29-11-2022,2704.1,2730.5,2693.4,2711.05,2711.97716,225659,21081,611982054,135214,59.92,37.1,6.95
28-11-2022,2601.35,2721.6,2585,2708.05,2688.029406,358911,23804,964763322,191413,53.33,136.6,106.7
25-11-2022,2583.05,2624.15,2581.35,2617.05,2605.353289,228490,20395,595297173,143293,62.71,42.8,34
24-11-2022,2566,2592,2548.35,2582.55,2563.652921,101023,7808,258987909,55446,54.88,43.65,16.55
23-11-2022,2579,2579,2552.15,2556.45,2560.826056,188170,8879,481870639,149423,79.41,26.85,-22.55
22-11-2022,2544.25,2568,2536.9,2564.3,2558.801235,201826,7845,516432618,142326,70.52,31.1,20.05
21-11-2022,2585,2589.3,2543,2550.05,2555.20476,104254,7858,266390317,60507,58.04,46.3,-34.95
18-11-2022,2606,2608.85,2572,2597.55,2588.569765,138143,11998,357592793,60174,43.56,36.85,-8.45
17-11-2022,2586,2613,2581.35,2601.3,2599.923626,181514,9381,471922537,131293,72.33,31.65,15.3
16-11-2022,2604,2615.05,2581.2,2591.85,2602.095846,116478,8062,303086920,58050,49.84,33.85,-12.15
15-11-2022,2618.05,2627.75,2590.05,2606.7,2612.900565,403971,10322,1055536054,336942,83.41,37.7,-11.35
14-11-2022,2625,2642.65,2605.55,2617.95,2631.228823,4751003,8727,12500976032,4691237,98.74,37.1,-7.05
11-11-2022,2598.7,2635,2587.25,2631.35,2613.913257,402694,27518,1052607185,251036,62.34,47.75,32.65
10-11-2022,2585,2596.95,2563,2574.45,2577.477367,240161,13328,619009542,194627,81.04,33.95,-10.55
09-11-2022,2606,2621.5,2591.35,2603,2612.211523,185280,9617,483990551,109764,59.24,30.15,-3
07-11-2022,2592,2609.9,2574,2606.15,2595.522996,168418,10357,437132792,75181,44.64,35.9,14.15
04-11-2022,2548,2595.25,2548,2592.45,2580.935632,295536,21773,762759393,208040,70.39,47.25,44.45
03-11-2022,2526.15,2560,2526.15,2555.95,2546.924638,213304,11281,543269213,140587,65.91,33.85,29.8
02-11-2022,2528.35,2550.25,2514.25,2545.4,2533.308345,119457,9725,302621415,63304,52.99,36,17.05
01-11-2022,2582,2588.45,2508,2529.75,2540.286373,195343,12671,496227161,75171,38.48,80.45,-52.25
31-10-2022,2535,2560.5,2533.1,2549.55,2551.109721,238633,13902,608778966,112658,47.21,27.4,14.55
28-10-2022,2463.05,2534,2460.2,2526,2508.28631,250899,15155,629326527,92209,36.75,73.8,62.95
27-10-2022,2456,2468,2433.2,2450.1,2446.098415,240543,17152,588391851,124711,51.85,34.8,-5.9
25-10-2022,2498,2498.15,2437.55,2441.85,2478.511554,2676294,11760,6633225601,2614746,97.7,60.6,-56.15
24-10-2022,2464.5,2501,2458.35,2479.7,2482.753281,117206,16896,290993581,63877,54.5,42.65,15.2
21-10-2022,2507,2516.5,2467,2471.95,2490.889255,228842,16869,570020079,73341,32.05,49.5,-35.05
20-10-2022,2478.05,2519,2478.05,2500.9,2504.065137,268387,15326,672058530,152727,56.91,40.95,22.85
19-10-2022,2452.15,2527,2441.9,2496.5,2499.191753,304000,16998,759754293,87086,28.65,85.1,44.35
18-10-2022,2420,2463,2420,2450.55,2451.134656,275176,19597,674493430,147796,53.71,43,30.55
17-10-2022,2354.7,2413.75,2343.6,2410,2389.790759,312009,20747,745636225,134105,42.98,70.15,55.3
14-10-2022,2412,2416.05,2368.35,2371,2396.239266,169418,14521,405966064,68900,40.67,47.7,-41
13-10-2022,2375.8,2394.2,2361,2383.85,2379.283695,89649,7983,213300404,39908,44.52,33.2,8.05
12-10-2022,2354.95,2380.8,2345.55,2375.05,2367.914304,92000,8254,217848116,29589,32.16,35.25,20.1
11-10-2022,2411.25,2412,2351,2357.25,2405.042714,3962521,10278,9530032262,3899287,98.4,61,-54
10-10-2022,2409.05,2417.7,2388,2405.75,2401.631189,138925,15187,333646613,51122,36.8,29.7,-3.3
07-10-2022,2418,2443.9,2413.85,2433.25,2432.162962,151735,12655,369044247,65180,42.96,30.05,15.25
06-10-2022,2436,2450,2418.4,2422.65,2434.045214,90481,9000,220234845,35116,38.81,31.6,-13.35
04-10-2022,2398.45,2417.9,2390.35,2413.05,2404.73809,155355,10765,373588086,70379,45.3,27.55,14.6
03-10-2022,2397,2416.95,2363.5,2374.3,2386.462052,228998,16312,546495037,75361,32.91,53.45,-22.7
30-09-2022,2318,2401.15,2315,2377.7,2369.513505,251390,23226,595672000,106593,42.4,86.15,59.7
29-09-2022,2358,2367.75,2313.55,2325.3,2343.954008,191249,17781,448278860,114972,60.12,54.2,-32.7
28-09-2022,2365.1,2378.4,2327.85,2332.1,2355.540516,249075,20903,586706254,142662,57.28,50.55,-33
27-09-2022,2395,2425.75,2360.15,2395.4,2393.208169,420283,27061,1005824709,227032,54.02,65.6,0.4
26-09-2022,2404,2417.65,2375.5,2377.5,2393.645621,130939,14925,313421564,71301,54.45,42.15,-26.5
23-09-2022,2485.5,2495.05,2435.2,2439.35,2454.65619,110625,12730,271546341,54475,49.24,59.85,-46.15
22-09-2022,2482.9,2502.65,2472.55,2485.9,2488.491827,88397,10302,219975212,35752,40.44,30.1,3
21-09-2022,2501.85,2534,2495.7,2509.25,2515.894345,74857,8609,188332303,19148,25.58,38.3,7.4
20-09-2022,2525,2537.2,2495.85,2502.05,2522.637006,93423,8957,235672317,38510,41.22,41.35,-22.95
19-09-2022,2499.2,2521.9,2481.6,2502.35,2499.561183,2963131,16024,7406527229,2867216,96.76,40.3,3.15
